id;name;employee_code;employer_code;created_by;last_modified_by
1;test1;QWERTY1;QWERTY11;system;system
2;test2;QWERTY2;QWERTY22;system;system
3;code1;UKRI_Project_Employee_Code1;UKRI_Project_Code1;system;system
4;code2;UKRI_Project_Employee_Code2;UKRI_Project_Code2;system;system
5;code3;UKRI_Project_Employee_Code3;UKRI_Project_Code3;system;system
6;code4;UKRI_Project_Employee_Code4;UKRI_Project_Code4;system;system
7;code5;UKRI_Project_Employee_Code5;UKRI_Project_Code5;system;system
8;code6;UKRI_Project_Employee_Code6;UKRI_Project_Code6;system;system
9;code7;UKRI_Project_Employee_Code7;UKRI_Project_Code7;system;system
10;code8;UKRI_Project_Employee_Code8;UKRI_Project_Code8;system;system
11;code9;UKRI_Project_Employee_Code9;UKRI_Project_Code9;system;system
12;code10;UKRI_Project_Employee_Code10;UKRI_Project_Code10;system;system
13;code11;UKRI_Project_Employee_Code11;UKRI_Project_Code11;system;system
14;code12;UKRI_Project_Employee_Code12;UKRI_Project_Code12;system;system
15;code13;UKRI_Project_Employee_Code13;UKRI_Project_Code13;system;system
16;code14;UKRI_Project_Employee_Code14;UKRI_Project_Code14;system;system
17;code15;UKRI_Project_Employee_Code15;UKRI_Project_Code15;system;system
18;code16;UKRI_Project_Employee_Code16;UKRI_Project_Code16;system;system
19;code17;UKRI_Project_Employee_Code17;UKRI_Project_Code17;system;system
20;code18;UKRI_Project_Employee_Code18;UKRI_Project_Code18;system;system
21;code19;UKRI_Project_Employee_Code19;UKRI_Project_Code19;system;system
22;code20;UKRI_Project_Employee_Code20;UKRI_Project_Code20;system;system
23;code21;UKRI_Project_Employee_Code21;UKRI_Project_Code21;system;system
24;code22;UKRI_Project_Employee_Code22;UKRI_Project_Code22;system;system
25;code23;UKRI_Project_Employee_Code23;UKRI_Project_Code23;system;system
26;code24;UKRI_Project_Employee_Code24;UKRI_Project_Code24;system;system
27;code25;UKRI_Project_Employee_Code25;UKRI_Project_Code25;system;system
28;code26;UKRI_Project_Employee_Code26;UKRI_Project_Code26;system;system
29;code27;UKRI_Project_Employee_Code27;UKRI_Project_Code27;system;system
30;code28;UKRI_Project_Employee_Code28;UKRI_Project_Code28;system;system
31;code29;UKRI_Project_Employee_Code29;UKRI_Project_Code29;system;system
32;code30;UKRI_Project_Employee_Code30;UKRI_Project_Code30;system;system
33;code31;UKRI_Project_Employee_Code31;UKRI_Project_Code31;system;system
34;code32;UKRI_Project_Employee_Code32;UKRI_Project_Code32;system;system
35;code33;UKRI_Project_Employee_Code33;UKRI_Project_Code33;system;system
36;code34;UKRI_Project_Employee_Code34;UKRI_Project_Code34;system;system
37;code35;UKRI_Project_Employee_Code35;UKRI_Project_Code35;system;system
38;code36;UKRI_Project_Employee_Code36;UKRI_Project_Code36;system;system
39;code37;UKRI_Project_Employee_Code37;UKRI_Project_Code37;system;system
40;code38;UKRI_Project_Employee_Code38;UKRI_Project_Code38;system;system
41;code39;UKRI_Project_Employee_Code39;UKRI_Project_Code39;system;system
42;code40;UKRI_Project_Employee_Code40;UKRI_Project_Code40;system;system
43;code41;UKRI_Project_Employee_Code41;UKRI_Project_Code41;system;system
44;code42;UKRI_Project_Employee_Code42;UKRI_Project_Code42;system;system
45;code43;UKRI_Project_Employee_Code43;UKRI_Project_Code43;system;system
46;code44;UKRI_Project_Employee_Code44;UKRI_Project_Code44;system;system
47;code45;UKRI_Project_Employee_Code45;UKRI_Project_Code45;system;system
48;code46;UKRI_Project_Employee_Code46;UKRI_Project_Code46;system;system
49;code47;UKRI_Project_Employee_Code47;UKRI_Project_Code47;system;system
50;code48;UKRI_Project_Employee_Code48;UKRI_Project_Code48;system;system
51;code49;UKRI_Project_Employee_Code49;UKRI_Project_Code49;system;system
52;code50;UKRI_Project_Employee_Code50;UKRI_Project_Code50;system;system
999999;AcademyUser;"";UKRI_Project_Ac;system;system